<?xml version="1.0" encoding="UTF-8"?>

<!DOCTYPE hibernate-configuration PUBLIC
        "-//Hibernate/Hibernate Configuration DTD 3.0//EN"
        "http://www.hibernate.org/dtd/hibernate-configuration-3.0.dtd">

<hibernate-configuration>

  <session-factory>
    <!-- Properties defined here are shared between test and production -->
    <mapping resource="se/citerus/dddsample/infrastructure/persistence/hibernate/Cargo.hbm.xml" />
    <mapping resource="se/citerus/dddsample/infrastructure/persistence/hibernate/Voyage.hbm.xml" />
    <mapping resource="se/citerus/dddsample/infrastructure/persistence/hibernate/Leg.hbm.xml" />
    <mapping resource="se/citerus/dddsample/infrastructure/persistence/hibernate/Location.hbm.xml" />
    <mapping resource="se/citerus/dddsample/infrastructure/persistence/hibernate/CarrierMovement.hbm.xml" />
    <mapping resource="se/citerus/dddsample/infrastructure/persistence/hibernate/HandlingEvent.hbm.xml" />
  </session-factory>

</hibernate-configuration>
